,SalePrice,Prediction
0,215000,212093.82
1,105000,106216.0
2,172000,170496.1
3,244000,242815.65
4,189900,189910.175
5,195500,195354.495
6,213500,213083.015
7,191500,190757.595
8,236500,238603.495
9,189000,190035.08
10,175900,175083.5
11,185000,184030.165
12,180400,179424.9
13,171500,172811.85
14,212000,212098.785
15,538000,499526.22
16,164000,166723.94
17,394432,391108.98
18,141000,136890.25
19,210000,210631.95
20,190000,188858.4
21,170000,168442.83
22,216000,216364.685
23,149000,150188.25
24,149900,150096.77
25,142000,141888.055
26,126000,125738.1
27,115000,114561.58
28,184000,182527.39
29,96000,96984.0
30,105500,106592.5
31,88000,89976.855
32,127500,128951.75
33,149900,149381.67
34,120000,127893.25
35,146000,146623.75
36,376162,383777.825
37,306000,307173.175
38,395192,389790.025
39,290941,289198.35
40,220000,218279.9
41,275000,284151.215
42,259000,262769.51
43,214000,214531.03
44,611657,584690.63
45,224000,222467.01
46,500000,490034.925
47,320000,319822.235
48,319900,316757.8
49,205000,205249.845
50,175500,174985.0
51,199500,197725.75
52,160000,160349.04
53,192000,193681.005
54,184500,184579.23
55,216500,216052.625
56,185088,185543.74
57,180000,179821.62
58,222500,221774.25
59,333168,344535.535
60,355000,359862.84
61,260400,260111.78
62,325000,319978.315
63,290000,288233.955
64,221000,221638.34
65,410000,385912.655
66,221500,221932.66
67,204500,203066.78
68,215200,215467.595
69,262500,261054.97
70,254900,253649.565
71,271500,251142.8425
72,233000,231940.72
73,181000,182254.0
74,205000,210187.5
75,143000,142875.455
76,189000,188846.6
77,99500,102308.25
78,125000,126897.5
79,194500,194997.65
80,152000,152148.0
81,171000,170826.25
82,67500,71204.21
83,112000,116834.095
84,148000,147875.75
85,138500,138715.0
86,122000,122246.33
87,133000,132245.75
88,127000,127833.5
89,169000,169980.33
90,190000,189439.5
91,362500,358969.425
92,285000,284571.63
93,260000,256906.69
94,190000,188260.95
95,155000,153692.63
96,151000,150128.61
97,149500,149597.07
98,152000,152171.125
99,222000,221407.015
100,177500,177002.95
101,177000,177324.5
102,155000,154695.8
103,147110,146842.65
104,267916,270845.9
105,254000,255565.79
106,155000,169460.74
107,206000,205360.27
108,130500,131496.36
109,230000,230935.45
110,218500,215632.775
111,243500,242495.85
112,205000,204700.6575
113,212500,216079.995
114,196500,195824.5
115,197500,196049.82
116,171000,170901.125
117,142250,142690.935
118,143000,143593.25
119,128950,130967.755
120,159000,156522.56
121,178900,177637.0
122,136300,136634.645
123,180500,177605.645
124,137500,138275.2
125,84900,92495.56
126,142125,142089.225
127,197600,190849.22
128,172500,171390.5
129,116500,117194.24
130,76500,79079.97
131,128000,128424.0
132,153000,153849.295
133,132000,132298.44
134,178000,172403.375
135,154300,151483.1
136,180000,188086.5
137,190000,192968.375
138,135000,135616.73
139,214000,212495.38
140,136000,135767.4
141,165500,165440.625
142,145000,145084.375
143,148000,147204.5
144,142000,141677.775
145,167500,165694.68
146,108538,110310.205
147,159500,159961.0
148,108000,108961.04
149,135000,134018.0
150,122500,122378.25
151,119000,119355.25
152,109000,111052.5
153,105000,104263.945
154,107500,108684.5
155,144900,144708.125
156,129000,127260.0
157,97500,100910.5
158,144000,143781.245
159,162000,161615.12
160,242000,231082.635
161,132000,131548.125
162,154000,153054.22
163,166000,163613.91
164,134800,134446.75
165,160000,158768.56
166,148000,146224.81
167,192000,189919.75
168,155000,154410.5
169,80400,85437.115
170,96500,96690.92
171,109500,108853.75
172,115000,116207.5
173,143000,141539.75
174,107400,104805.64
175,80000,80849.27
176,119000,120291.25
177,130000,130549.25
178,119000,119505.75
179,129000,130801.41
180,100000,101566.94
181,12789,32143.005
182,105900,113557.0
183,150000,159921.5
184,139000,138097.5
185,240000,237266.5
186,76500,88334.625
187,149700,149055.745
188,125500,123550.045
189,122500,117840.515
190,140750,141301.67
191,128500,128982.92
192,209500,209904.575
193,87000,85731.25
194,134000,130387.9
195,128000,128231.75
196,132000,132873.25
197,139900,140259.59
198,123900,124770.5
199,138400,139453.75
200,109500,110378.3
201,140000,141464.0
202,149500,145521.28
203,159900,162072.59
204,122000,121732.02
205,110000,110687.93
206,55000,59050.12
207,140000,138762.32
208,244400,248103.0
209,173000,173257.92
210,107500,108904.78
211,100000,101252.41
212,95000,96491.5
213,93369,90648.44
214,114900,117309.78
215,94000,95163.89
216,136000,133279.57
217,136500,134969.545
218,131500,131899.25
219,121500,124220.25
220,125000,124808.66
221,154000,153161.5
222,137900,137582.25
223,158000,156196.25
224,137250,135335.25
225,160250,157508.245
226,163000,162500.325
227,158900,159601.16
228,328000,323204.895
229,270000,267939.625
230,85000,85991.0
231,128000,129492.25
232,260000,261188.1
233,230000,228900.275
234,124000,122862.07
235,83000,85310.0
236,144500,144378.875
237,129000,128082.5
238,127000,124262.07
239,128000,128437.5
240,186000,186550.5
241,308030,304876.955
242,114000,114684.825
243,84900,86105.25
244,178000,178718.92
245,270000,264072.685
246,218000,217912.05
247,236000,235531.845
248,147000,147468.5
249,245350,248654.335
250,206000,202520.98
251,198900,201992.14
252,187000,188134.415
253,320000,306004.49
254,138500,138887.42
255,155000,153288.75
256,159000,156223.0
257,191000,190329.675
258,200500,199399.785
259,150000,148878.24
260,161750,160949.325
261,128200,128347.04
262,127000,126768.3
263,318000,313012.565
264,272000,271530.185
265,237000,236198.98
266,240000,240061.94
267,224900,222609.955
268,143750,143262.75
269,143000,143621.25
270,232000,232700.3
271,213000,212061.545
272,185500,185327.03
273,84900,83709.195
274,155891,153050.51
275,100000,102144.875
276,144000,143614.5
277,64000,67390.36
278,125200,125205.85
279,107000,109223.0
280,90000,91350.79
281,140000,139364.85
282,113000,115341.855
283,80000,81829.875
284,144500,145432.92
285,104000,105341.13
286,128000,129097.555
287,58500,59211.66
288,127000,127559.545
289,126000,128516.5
290,160000,144492.755
291,100000,103297.06
292,169000,163256.0
293,257500,256754.325
294,215000,211603.0
295,266500,265476.245
296,335000,321165.295
297,203135,202069.7
298,185000,189671.75
299,162500,164933.65
300,289000,288519.5
301,125500,122234.625
302,82000,79039.065
303,110000,111350.55
304,68400,72225.65
305,102776,105197.745
306,55993,65694.625
307,50138,55900.04
308,246000,247122.885
309,254900,252445.145
310,190000,189182.25
311,201000,202090.0
312,169900,165386.955
313,170000,169680.525
314,160000,161622.89
315,220000,221277.265
316,179781,181557.77
317,174000,173533.325
318,269500,270179.28
319,214900,215708.35
320,202900,205771.1
321,378500,377848.44
322,169000,167935.43
323,173500,172444.275
324,139000,138560.75
325,166500,166408.75
326,83500,82902.305
327,119500,118672.5
328,85000,86158.0
329,76000,76049.49
330,75500,76896.0
331,88250,88168.605
332,85500,85335.605
333,130000,129461.5
334,157900,156134.0
335,149900,146893.25
336,159000,158939.84
337,136000,136159.55
338,161000,159859.7
339,285000,283199.5
340,231000,228340.375
341,124500,124228.04
342,157000,157510.92
343,345000,337812.29
344,189500,190492.125
345,270000,269061.25
346,189000,188992.25
347,377500,379966.04
348,168500,167685.165
349,375000,366594.585
350,278000,276583.245
351,240000,236883.01
352,239500,239525.325
353,177500,178183.92
354,185000,184898.875
355,191000,190900.75
356,178000,177808.53
357,185000,184330.25
358,181316,180576.185
359,166000,166500.82
360,178000,177149.0
361,174000,174533.84
362,173000,173458.495
363,225000,224788.23
364,180500,180048.175
365,187500,187568.0
366,501837,492443.07
367,372500,369334.6
368,260000,261397.78
369,185000,184455.395
370,260000,261111.765
371,181000,181225.5
372,82500,105936.5
373,215000,213282.5925
374,154000,160481.0
375,200000,198465.125
376,249000,246534.845
377,187500,185128.87
378,184000,183607.125
379,278000,283176.26
380,157000,158288.425
381,152000,152604.675
382,197500,195925.2
383,240900,239795.375
384,263435,261316.76
385,220000,221236.97
386,235000,234719.355
387,213000,212197.6125
388,167900,166710.5
389,158000,156872.17
390,165000,165389.8
391,158000,158444.115
392,136000,135110.125
393,148500,148484.66
394,156000,154965.75
395,128000,128895.75
396,143000,142826.75
397,76500,79076.945
398,120500,121064.0
399,124500,124723.25
400,97000,99489.25
401,130000,129798.5
402,111000,109906.125
403,125000,124816.59
404,112000,112145.295
405,97000,97311.25
406,118000,116849.5
407,119500,118078.295
408,143750,144531.25
409,146000,146348.5
410,148500,148097.0
411,123000,125483.26
412,147000,147035.5
413,137900,138815.0
414,147000,146381.25
415,148500,148574.37
416,138000,138265.0
417,128500,135325.5
418,100000,101638.0
419,148800,149353.57
420,337500,341502.9275
421,462000,465502.81
422,485000,466243.8
423,555000,549890.735
424,325000,325900.74
425,256300,256210.25
426,253293,257397.59
427,398800,403063.82
428,335000,333550.35
429,404000,404662.605
430,402861,402248.68
431,451950,453077.22
432,610000,579022.125
433,582933,549638.775
434,360000,362985.17
435,296000,295974.45
436,409900,405952.98
437,255500,257936.195
438,335000,334784.855
439,274900,276698.2
440,300000,302226.715
441,324000,326518.995
442,350000,346668.59
443,280000,277977.505
444,284000,286285.42
445,269500,270649.8
446,233170,234061.88
447,386250,393439.22
448,445000,450641.445
449,290000,293075.89
450,255900,256018.06
451,213000,209757.25
452,196000,196292.25
453,184500,185610.56
454,212500,212698.045
455,230000,230390.795
456,552000,535591.405
457,382500,377889.66
458,320000,317679.675
459,248500,255230.915
460,286500,290578.96
461,254000,251032.83
462,173000,173056.105
463,173000,173232.0
464,184000,183447.93
465,167800,168336.985
466,174000,174457.65
467,174000,173439.9
468,174000,177484.805
469,175900,179821.53
470,192500,191682.915
471,181000,182148.56
472,180000,180295.22
473,160200,159882.895
474,188500,188400.35
475,200000,199091.75
476,170000,170132.265
477,189500,188893.825
478,184100,185999.7
479,195500,196231.45
480,192000,191633.54
481,178000,178913.075
482,207500,208091.385
483,236000,233816.36
484,257500,261845.555
485,244000,238226.1
486,167000,168022.545
487,179000,180613.2
488,190000,187946.985
489,156000,156837.125
490,245000,245735.475
491,181000,181423.0
492,214000,214118.75
493,168000,168704.275
494,337000,336933.295
495,403000,396864.88
496,327000,322389.11
497,340000,343428.675
498,336000,331933.43
499,265000,268026.045
500,315000,314319.74
501,260000,265436.21
502,260000,259085.53
503,263550,264182.36
504,402000,403075.36
505,248000,248777.72
506,244600,247929.16
507,275000,275825.795
508,257500,256447.39
509,287090,288800.205
510,275500,274895.805
511,245000,245885.4
512,253000,251679.68
513,468000,459982.97
514,252678,252200.925
515,210000,212004.245
516,208300,201026.995
517,225000,223775.765
518,229456,231586.18
519,229800,229034.93
520,250000,263768.765
521,370878,371745.205
522,238500,236388.56
523,310000,318477.325
524,270000,267630.32
525,252000,252757.175
526,241000,239449.535
527,264500,263477.39
528,291000,285982.495
529,263000,261691.155
530,185000,185799.97
531,234500,235189.17
532,209000,208713.63
533,159000,159783.73
534,152000,153100.925
535,143500,143471.4
536,193000,193244.935
537,203000,207184.71
538,184900,184077.675
539,159000,160384.955
540,142000,142216.35
541,153000,154575.75
542,224243,223545.96
543,220000,220918.0
544,257000,256420.855
545,189000,189247.75
546,171500,173379.25
547,120000,120476.38
548,145000,146031.16
549,184000,184615.155
550,162000,162236.11
551,160000,159407.54
552,82000,82238.185
553,76000,80115.75
554,110000,111460.275
555,135000,134554.25
556,141000,141559.5
557,122000,122565.78
558,124100,124778.0
559,129000,128526.25
560,131400,131472.875
561,62383,70108.785
562,123000,123008.74
563,275000,277955.83
564,235000,234573.8
565,280750,276490.825
566,164500,164791.43
567,173733,173328.29
568,222000,217647.24
569,195000,194164.485
570,172500,173378.4
571,180000,179356.64
572,156000,155914.45
573,172500,170517.44
574,318750,317017.74
575,211500,210041.5
576,241600,240290.31
577,180500,196290.065
578,150000,150685.64
579,154000,154704.75
580,185000,185575.2725
581,185750,183600.295
582,200000,200795.0
583,206000,207855.0
584,162000,163278.45
585,256900,253714.25
586,197900,197013.25
587,163000,162498.895
588,113000,113600.33
589,230000,230181.5
590,167900,167495.86
591,213250,212544.755
592,227000,229142.035
593,130000,129896.5
594,143000,142914.0
595,117500,117642.0
596,168500,171349.5
597,172500,171502.47
598,161500,162860.75
599,141500,140293.25
600,118000,118767.59
601,127500,127594.25
602,140000,138596.295
603,177625,176056.625
604,110000,114661.55
605,167000,166802.75
606,153000,153936.52
607,145100,145632.5
608,154000,153195.79
609,177500,172609.415
610,158000,158015.0
611,124500,125187.375
612,174500,173790.0
613,122000,122154.5
614,82500,82395.5
615,110000,110904.52
616,149500,151076.92
617,175000,173194.25
618,167000,167015.5
619,128900,128977.875
620,140000,139756.685
621,147000,146813.125
622,124000,124239.735
623,187500,187504.5
624,159000,159618.785
625,256000,244350.06
626,205000,206939.5
627,193500,190592.5
628,110000,114350.815
629,104900,105720.75
630,150000,149655.5
631,156500,156161.92
632,176000,175794.365
633,149500,149060.365
634,139000,138874.5
635,155000,153422.685
636,120000,120281.94
637,153000,152767.75
638,144000,142183.5
639,176000,174567.27
640,153000,152549.825
641,135000,135746.23
642,131000,131310.875
643,123000,123406.5
644,126000,127947.0
645,115000,116726.29
646,164900,163764.27
647,113000,113766.0
648,145500,144207.205
649,102900,104914.33
650,95000,98803.9
651,152500,154217.175
652,129900,129785.75
653,132000,131001.25
654,99900,95296.625
655,135000,135515.46
656,149000,148934.66
657,114000,113205.27
658,109500,111365.25
659,125000,125157.125
660,142900,140701.765
661,156500,155852.0
662,59000,62938.555
663,105000,104443.505
664,106000,106266.205
665,78500,80278.02
666,190000,188534.74
667,154000,154002.125
668,163000,162070.66
669,200000,192899.5
670,143500,143079.5
671,135000,135662.4
672,153000,151849.25
673,157500,157948.12
674,113500,115037.18
675,133000,133323.75
676,92900,92275.5
677,128500,127769.5
678,90000,90251.0
679,138000,137085.405
680,128000,128134.5
681,139000,138050.75
682,118900,119683.75
683,138000,137767.85
684,132500,132499.95
685,133500,133270.13
686,135000,136701.0
687,144750,144822.32
688,145000,142974.65
689,127000,127525.575
690,109500,109418.0
691,115000,115917.52
692,110000,111478.47
693,128900,128736.01
694,103500,110332.265
695,66500,70794.83
696,130000,130349.25
697,129000,129898.545
698,150000,148529.75
699,107500,110270.315
700,94550,94313.91
701,124500,128289.795
702,135000,137647.25
703,103000,106131.25
704,93000,91403.375
705,129500,127085.25
706,93000,94299.375
707,80000,80603.32
708,45000,47501.615
709,37900,47221.855
710,91300,93503.5
711,99500,101309.5
712,113000,113509.44
713,87500,93466.235
714,110000,110299.84
715,106000,106873.535
716,265979,267790.93
717,160000,159296.795
718,119000,119546.0
719,168000,169526.0
720,58500,59330.745
721,143000,145532.675
722,85000,86329.25
723,124900,126721.255
724,119000,121130.52
725,146500,146503.25
726,34900,41456.265
727,44000,47651.34
728,223500,218207.1575
729,149000,148686.19
730,205000,204286.595
731,137000,135895.37
732,121000,121177.0
733,128000,126306.005
734,134900,134092.75
735,117000,116278.77
736,132500,132792.75
737,93000,94222.27
738,119000,117701.5
739,100000,100224.78
740,141500,140354.75
741,133000,126539.62
742,60000,59717.675
743,105000,106593.08
744,115000,115332.375
745,150000,148319.08
746,126500,126270.5
747,214500,215436.0
748,167500,167354.0
749,155000,153567.295
750,155000,157549.75
751,179900,178664.5
752,104000,104438.595
753,62500,74572.0
754,149000,148603.63
755,103000,102285.99
756,123000,123605.02
757,97500,110445.0
758,135000,132655.52
759,70000,73477.645
760,116000,117354.06
761,88750,88167.75
762,179000,177548.5
763,179000,177548.5
764,159900,158817.5
765,61000,59377.825
766,103600,102915.145
767,63000,67401.69
768,175000,174557.375
769,139000,138589.95
770,172500,173399.875
771,113500,114404.4
772,130000,129373.0
773,149900,149749.3
774,134900,135332.75
775,137000,137048.75
776,139000,139071.35
777,165000,164758.935
778,148000,147873.1
779,165000,162737.285
780,63900,65288.56
781,161500,156987.295
782,143000,143168.25
783,135000,132435.375
784,82500,81566.0
785,190000,186331.45
786,139600,139001.655
787,122000,123772.5
788,127500,129526.75
789,121500,122033.375
790,60000,69856.755
791,154400,152910.25
792,113000,106419.5
793,125000,124671.0
794,84000,84652.875
795,139500,137029.5
796,131000,130676.025
797,105000,104809.0
798,108000,106633.575
799,162000,165529.455
800,156500,157055.85
801,316600,318532.88
802,271900,268664.04
803,213000,212834.825
804,239900,240493.78
805,239500,240309.75
806,131000,131586.2
807,118964,119140.5
808,153337,152223.005
809,147983,145862.475
810,118858,119140.5
811,118858,119140.5
812,142953,143593.655
813,148325,147316.13
814,113722,114674.31
815,269500,271150.69
816,269500,269168.795
817,269500,269168.795
818,323262,323211.34
819,297000,299378.49
820,295493,294687.99
821,332000,329544.71
822,239900,240892.265
823,212000,214498.73
824,272500,272671.775
825,239000,250092.515
826,220000,219467.785
827,200000,200334.39
828,221800,232406.905
829,194500,195635.12
830,237000,235996.725
831,173000,173261.06
832,275000,272884.465
833,233500,234614.51
834,185000,181856.045
835,152000,151357.25
836,143000,142630.455
837,231500,229263.315
838,212000,211939.875
839,207000,204997.5
840,145000,146250.875
841,138000,139284.0
842,197900,198709.5
843,204000,204096.195
844,192000,191294.25
845,200000,199815.16
846,195000,194275.75
847,227000,227542.24
848,230000,230190.92
849,187100,188049.725
850,203000,201340.42
851,201000,199645.81
852,124000,124882.5
853,140000,139817.75
854,134900,135122.95
855,150500,150186.0
856,136500,135151.0
857,143500,142690.75
858,133500,134328.75
859,123000,124351.75
860,133900,132807.25
861,133000,134545.0
862,250000,247372.07
863,254750,256362.935
864,236500,237806.21
865,261500,260546.355
866,313000,320318.83
867,198500,198013.25
868,211000,212057.685
869,220000,220529.505
870,203000,203534.645
871,279500,276128.215
872,210000,211329.72
873,219500,217693.75
874,191000,191551.55
875,178000,178448.9
876,213000,213424.48
877,144000,143837.75
878,140000,140764.0
879,293200,292848.23
880,190000,189654.46
881,190000,191689.96
882,173500,173888.65
883,170000,169859.625
884,108000,108251.795
885,167000,163677.695
886,100000,100096.6
887,198500,198297.94
888,159500,158325.23
889,127000,126418.16
890,125000,126085.375
891,320000,322171.93
892,145500,144955.475
893,118000,118507.5
894,85000,85629.645
895,120000,120118.94
896,98000,98858.45
897,99900,99618.15
898,82000,83155.04
899,119900,120200.7
900,103500,106316.875
901,112000,111797.725
902,110000,111568.575
903,122000,122153.0
904,117000,118742.46
905,160000,154273.07
906,159434,156076.33
907,60000,61092.915
908,139500,139780.75
909,197000,199370.0
910,105000,105908.77
911,135000,137868.075
912,147500,147232.0
913,137450,136689.93
914,155000,154020.4
915,177000,173158.75
916,145000,144908.175
917,137000,140658.9
918,234000,234052.93
919,205000,203789.1125
920,177500,174474.295
921,160000,158271.52
922,155000,155773.0
923,163500,158840.455
924,154900,153361.625
925,205000,209131.0
926,144800,143346.2
927,174500,175831.8
928,193000,192172.095
929,158000,160656.055
930,158500,157455.04
931,224000,222279.275
932,115000,116024.5
933,137000,136548.0
934,121000,122251.185
935,124000,124121.685
936,208000,207285.9
937,315000,316401.11
938,222000,220651.57
939,147000,145990.875
940,123000,123874.5
941,78000,79595.25
942,85000,84322.135
943,75000,77498.5
944,230000,232589.86
945,57625,55490.93
946,251000,250734.55
947,239686,242498.125
948,240000,237598.445
949,215000,215176.5
950,156450,152282.75
951,173000,172497.52
952,126000,126358.13
953,173000,173062.395
954,152000,152684.075
955,137500,139305.57
956,375000,352966.535
957,315500,317574.595
958,224500,225384.875
959,410000,413551.62
960,316500,318105.975
961,201000,204036.965
962,175000,175420.175
963,204000,203704.0
964,213500,212709.38
965,220000,222101.435
966,170000,171046.75
967,315000,319635.95
968,425000,419013.44
969,139500,139337.0
970,115000,120688.0
971,162000,162597.0
972,165000,165063.11
973,91000,91112.0
974,130000,129328.0
975,86000,85513.25
976,160000,160366.645
977,80000,79535.75
978,97000,99493.865
979,88000,88231.065
980,131900,131521.0
981,131250,131640.875
982,165500,163308.935
983,112000,113587.74
984,149000,147014.35
985,143000,142746.5
986,130000,131417.295
987,196000,195168.25
988,173000,172047.5
989,176500,175489.445
990,237500,235170.05
991,206900,207829.25
992,187500,188202.22
993,165000,165382.27
994,195500,194960.775
995,192000,191961.25
996,173000,173303.0
997,177900,177135.075
998,175000,176142.46
999,286000,284541.255
1000,247900,247960.1
1001,180000,183311.935
1002,180000,181274.925
1003,181000,180711.5
1004,183000,182582.0
1005,188000,187364.0
1006,194500,195303.0
1007,185000,184977.825
1008,189000,189041.895
1009,188500,189038.07
1010,355000,355889.32
1011,325000,334467.695
1012,387000,388533.02
1013,115000,120189.675
1014,334000,333327.13
1015,133000,133740.935
1016,215000,214991.0
1017,226500,226722.36
1018,175500,176921.005
1019,181900,180294.105
1020,235000,234873.36
1021,220000,219122.185
1022,272000,264084.75
1023,161000,160635.435
1024,175000,171891.955
1025,185000,182277.0
1026,146900,146003.55
1027,292500,285434.37
1028,180000,180101.575
1029,159900,159403.59
1030,205000,204611.0
1031,157000,155902.78
1032,306000,309816.64
1033,133000,134460.495
1034,151000,151164.5
1035,111900,112063.48
1036,123000,124270.38
1037,111250,113254.5
1038,181000,178515.605
1039,103400,103183.0
1040,100000,100561.0
1041,100500,100211.0
1042,106000,105086.0
1043,85400,86044.5
1044,89500,89512.5
1045,111750,111345.75
1046,140000,139110.5
1047,143000,143591.86
1048,148500,147501.1
1049,110000,110284.75
1050,394617,383820.755
1051,426000,430816.31
1052,385000,396260.72
1053,446261,451400.435
1054,317500,314584.1
1055,372402,365267.915
1056,417500,401639.195
1057,383000,382614.22
1058,390000,393324.09
1059,460000,456663.92
1060,379000,382382.355
1061,250000,251041.22
1062,316000,314691.935
1063,615000,598467.44
1064,412500,415687.38
1065,284000,285512.965
1066,284000,284621.84
1067,421250,407022.515
1068,370000,369409.345
1069,336860,333880.26
1070,367294,362030.775
1071,192000,192313.21
1072,274000,273491.44
1073,266000,273516.72
1074,370967,370879.31
1075,234250,233130.36
1076,219500,221254.365
1077,155000,154714.0
1078,154000,154066.5
1079,207000,206306.12
1080,195000,194043.895
1081,219990,220030.6
1082,191000,192568.01
1083,159895,162313.96
1084,187687,188946.22
1085,179000,178970.605
1086,193000,192780.5
1087,190000,188886.655
1088,176000,175128.75
1089,188000,187764.1
1090,213000,213332.25
1091,217300,216343.6
1092,186500,187157.09
1093,226750,225169.085
1094,184000,183692.15
1095,176000,176546.94
1096,225000,228875.145
1097,185900,185970.125
1098,284500,282052.185
1099,315000,313867.565
1100,250000,255476.795
1101,291000,300645.17
1102,350000,348498.0
1103,279500,280347.305
1104,290000,294236.64
1105,350000,346022.46
1106,341000,337182.04
1107,287500,287208.33
1108,271000,271080.68
1109,301500,302395.56
1110,235128,233903.99
1111,214000,214046.895
1112,232000,232402.07
1113,240000,239045.02
1114,264132,268111.81
1115,245000,241407.415
1116,227680,226750.005
1117,257000,258085.76
1118,297900,290741.26
1119,247000,245997.3
1120,212700,212407.155
1121,250580,247667.375
1122,182000,181878.46
1123,226700,226967.335
1124,250000,248514.46
1125,250000,248777.15
1126,339750,339118.42
1127,205950,204954.865
1128,256000,256962.75
1129,230348,220644.625
1130,207500,207349.72
1131,141000,143777.21
1132,188000,187495.75
1133,192500,191587.05
1134,146000,145637.27
1135,159000,158181.25
1136,155000,154610.04
1137,173000,173369.125
1138,170000,170190.755
1139,182000,182998.0
1140,163000,163561.5
1141,193500,193061.875
1142,189000,188690.075
1143,190500,189832.97
1144,175000,175325.88
1145,179200,178849.305
1146,187000,186713.545
1147,193000,192783.045
1148,153900,154137.885
1149,128000,128303.33
1150,144000,142718.205
1151,135000,134386.5
1152,115000,115048.25
1153,119916,120446.62
1154,142000,141504.25
1155,192000,192578.8425
1156,140000,141722.0
1157,290000,277311.15
1158,372500,379799.715
1159,196000,194777.515
1160,171900,172135.285
1161,178000,177690.53
1162,165000,165192.65
1163,146000,146450.5
1164,146000,146611.675
1165,179400,179891.48
1166,172900,172910.5
1167,300000,300577.0
1168,285000,290448.43
1169,290000,288257.92
1170,305000,301893.41
1171,328900,324100.4
1172,160000,161340.225
1173,170000,169649.095
1174,223000,221614.85
1175,170000,178532.0
1176,200000,203116.6
1177,345000,346789.18
1178,245500,242664.53
1179,217500,217054.465
1180,324000,318165.72
1181,162500,161296.81
1182,150000,237520.3
1183,290000,291120.285
1184,205000,206061.285
1185,174000,174007.38
1186,183000,182040.0225
1187,150000,151434.775
1188,145000,147640.16
1189,215000,214586.6
1190,140500,140338.285
1191,240000,237397.87
1192,141000,141745.42
1193,147000,145803.0
1194,135000,134252.85
1195,145000,144262.345
1196,142600,142335.925
1197,135000,136775.795
1198,170000,169803.5
1199,299800,299812.565
1200,185000,184755.95
1201,173000,171768.125
1202,178400,177825.38
1203,176000,175257.5
1204,98000,98795.105
1205,109008,110106.93
1206,135750,131531.75
1207,155000,154432.31
1208,180500,180968.7
1209,174900,173558.665
1210,140000,141395.02
1211,145000,145368.565
1212,179900,178956.0
1213,168500,166043.2
1214,140000,140104.2
1215,145500,145298.5
1216,142000,142300.25
1217,141000,137263.37
1218,153000,152909.625
1219,72500,72762.555
1220,52000,54467.525
1221,118000,119093.15
1222,87000,86221.25
1223,141500,141451.5
1224,119000,120041.57
1225,141500,141845.5
1226,165500,165628.42
1227,112900,112578.75
1228,201800,201151.44
1229,163000,161822.37
1230,139950,140005.475
1231,174000,173324.155
1232,165000,162671.325
1233,227000,225055.025
1234,135000,134720.3
1235,124000,125928.25
1236,140000,139240.5
1237,136500,137266.0
1238,185000,180114.25
1239,163000,163313.42
1240,166800,166348.75
1241,139000,138831.75
1242,166000,166415.0
1243,136000,135765.125
1244,133000,133424.0
1245,116000,116629.5
1246,137500,137344.98
1247,130000,129906.5
1248,180000,181265.825
1249,139000,137027.25
1250,110000,112473.5
1251,100000,103279.625
1252,118500,119111.38
1253,146000,145025.78
1254,89900,89843.375
1255,114000,114753.09
1256,140000,139889.435
1257,86900,87247.5
1258,139000,140050.0
1259,106250,107715.945
1260,171000,170339.75
1261,139000,140928.225
1262,186000,185744.63
1263,157000,156789.955
1264,148000,147395.125
1265,242000,240609.905
1266,116000,117767.0
1267,94000,94988.02
1268,98300,100528.57
1269,127000,129237.86
1270,159000,157317.0
1271,125900,126402.575
1272,155000,154798.75
1273,138000,139083.66
1274,112500,112316.625
1275,105500,108684.25
1276,127500,127591.5
1277,130000,130557.125
1278,150000,148881.07
1279,109500,110514.91
1280,140000,140219.5
1281,167900,168142.5
1282,136870,137524.8
1283,143000,141637.75
1284,73000,77484.02
1285,157500,157562.095
1286,122600,125140.82
1287,111000,110774.14
1288,256000,253098.5
1289,64000,71561.52
1290,139500,139967.01
1291,118000,117916.72
1292,200000,200819.0
1293,119164,117506.985
1294,122250,121956.42
1295,120000,124230.81
1296,155000,154032.9
1297,78000,79039.415
1298,95000,96918.9
1299,115000,112800.74
1300,147000,145312.375
1301,140000,140396.375
1302,46500,51065.11
1303,112500,112572.37
1304,107900,105429.12
1305,65000,71026.47
1306,295000,279992.71
1307,139500,139322.0
1308,153900,154442.0
1309,132000,136091.675
1310,98000,98748.935
1311,114000,113479.5
1312,130000,128031.515
1313,129500,131441.195
1314,129400,128747.66
1315,161000,162379.95
1316,163000,161865.25
1317,128000,129130.0
1318,122000,154998.815
1319,116900,119891.52
1320,325000,340816.96
1321,55000,57329.3
1322,184000,182954.5
1323,110000,109796.5
1324,131500,131788.61
1325,97000,99037.0
1326,115500,113208.75
1327,138000,137130.125
1328,108000,115490.5
1329,79500,80582.295
1330,153000,150815.295
1331,109500,109161.5
1332,124000,123251.25
1333,106900,108269.87
1334,164900,160149.34
1335,119000,120038.5
1336,120000,119294.2
1337,157000,155007.405
1338,105000,105173.04
1339,113000,113348.5
1340,115000,115954.71
1341,79000,80508.02
1342,123000,121570.75
1343,81300,85116.125
1344,162900,161153.79
1345,150000,151744.415
1346,123500,124830.83
1347,129900,134007.0
1348,128000,127315.0
1349,68500,71483.0
1350,127000,127473.5
1351,207000,205202.775
1352,184000,186699.5
1353,162500,160188.0
1354,145000,144801.875
1355,130000,128479.5
1356,160000,158950.34
1357,161000,161799.5
1358,127500,127725.23
1359,93850,97638.5
1360,136000,137190.5
1361,141000,141652.75
1362,120000,119813.93
1363,127500,127932.75
1364,127000,126819.5
1365,89500,92392.5
1366,125000,126612.5
1367,79900,83431.52
1368,85000,87752.695
1369,82375,86165.5
1370,135000,135220.625
1371,124000,124871.875
1372,134000,133429.0
1373,135000,137158.16
1374,134432,135653.715
1375,127500,127753.5
1376,148000,147686.27
1377,129500,129245.625
1378,157500,156840.27
1379,109900,110433.5
1380,145000,145785.205
1381,130000,130298.55
1382,153000,152487.5
1383,120000,121215.0
1384,152000,151064.975
1385,108959,109357.965
1386,95541,97940.645
1387,80000,82184.43
1388,149350,148907.435
1389,144900,144341.865
1390,185000,185518.52
1391,165000,164308.0
1392,235000,220033.25
1393,140000,138894.87
1394,108000,113446.0
1395,145000,146991.57
1396,152400,149857.0
1397,144000,142283.25
1398,173000,172493.035
1399,192000,190351.0
1400,245000,246810.06
1401,241500,239842.52
1402,256000,239128.915
1403,177000,175392.775
1404,125600,125288.76
1405,155000,155546.765
1406,240000,250908.57
1407,260000,236466.97
1408,185000,184433.025
1409,235000,231169.85
1410,159900,158581.885
1411,99600,100633.5
1412,134500,134801.0
1413,119000,118526.25
1414,107500,107146.5
1415,125000,125463.75
1416,79000,81422.915
1417,95000,94875.455
1418,262280,260910.275
1419,260000,256417.5
1420,226500,226658.61
1421,225000,227124.0
1422,229000,229141.0
1423,177439,178815.91
1424,248500,248319.105
1425,475000,463758.36
1426,395039,398003.685
1427,228000,230554.0
1428,225000,225963.355
1429,195000,194467.25
1430,200000,200736.47
1431,155000,154780.205
1432,144000,144604.5
1433,145000,145731.475
1434,226001,224666.15
1435,215700,216102.015
1436,207500,207168.425
1437,193000,193551.5
1438,188000,188339.055
1439,191000,191893.75
1440,221000,221968.86
1441,231500,231566.02
1442,235000,234512.455
1443,223500,224031.5
1444,130250,130360.0
1445,149900,148559.75
1446,158000,157137.805
1447,147000,147204.0
1448,143195,144619.635
1449,163000,163535.75
1450,110000,110819.5
1451,127000,127011.0
1452,124900,126841.0
1453,230000,231772.24
1454,237000,238703.9
1455,235000,236132.515
1456,230500,231492.36
1457,230000,237575.45
1458,222500,221762.25
1459,287000,282540.665
1460,274000,286975.795
1461,300000,297927.22
1462,255900,255034.325
1463,224900,225570.445
1464,240000,241086.245
1465,183000,183004.875
1466,207000,210901.45
1467,210000,210162.5
1468,136500,136644.0
1469,145000,144302.25
1470,208900,206218.4675
1471,185000,185617.85
1472,214000,214496.79
1473,208500,207933.385
1474,186500,187594.47
1475,210000,208567.64
1476,185900,186449.25
1477,179900,185309.575
1478,218836,219602.6
1479,193000,193208.645
1480,189000,188837.25
1481,149300,149112.5
1482,141000,142586.0
1483,149000,148986.5
1484,144500,145223.75
1485,85000,88347.15
1486,145900,145105.615
1487,123000,124282.5
1488,147500,148996.75
1489,165000,162003.955
1490,135000,135463.41
1491,108000,109170.0
1492,137500,137806.545
1493,165400,163526.0
1494,147000,147624.445
1495,160500,159181.34
1496,176000,167458.375
1497,284700,253534.61
1498,160000,186017.4
1499,148000,147125.5
1500,82000,82056.125
1501,82000,81975.375
1502,118000,117514.125
1503,82500,82245.875
1504,91900,91531.75
1505,120000,119877.25
1506,96000,96405.265
1507,99000,99732.705
1508,130500,130355.25
1509,135000,134336.005
1510,135500,138102.5
1511,100000,103066.38
1512,108000,109391.045
1513,98000,99043.5
1514,67000,67692.975
1515,135900,133739.135
1516,140000,140722.0
1517,179500,177099.84
1518,136500,137148.025
1519,168000,166975.52
1520,130000,127536.625
1521,189000,185114.0
1522,161900,160872.5
1523,145000,145810.75
1524,191000,190545.24
1525,177000,177103.875
1526,147500,148239.0
1527,91000,92950.25
1528,231000,229429.36
1529,115000,116333.56
1530,138000,139663.75
1531,149000,151540.875
1532,188700,189684.125
1533,198000,196385.625
1534,110000,110011.75
1535,104000,106397.0
1536,257076,258083.76
1537,381000,358816.065
1538,311500,305148.635
1539,263400,262536.46
1540,236500,230593.35
1541,224000,220715.045
1542,116500,116665.5
1543,151000,151490.0
1544,126000,124446.3
1545,120000,119880.5
1546,55000,53516.305
1547,120500,119118.75
1548,120500,120883.41
1549,119000,119343.0
1550,126000,127312.82
1551,99500,99977.0
1552,165500,160968.57
1553,13100,27019.8
1554,89000,88525.36
1555,40000,53419.975
1556,80900,79600.565
1557,81000,80705.32
1558,65000,66338.025
1559,392500,379716.93
1560,294464,293440.35
1561,250000,250672.41
1562,275000,275562.715
1563,300000,300366.615
1564,271000,270699.02
1565,213000,217035.685
1566,171000,167492.0
1567,171500,172744.56
1568,100000,105535.025
1569,228500,223655.07
1570,228950,227496.175
1571,241500,242106.31
1572,287000,283942.065
1573,294000,290958.51
1574,293077,291729.895
1575,264966,265758.015
1576,172500,172661.475
1577,167500,168663.81
1578,218689,220662.125
1579,150000,151666.5
1580,184000,183374.0
1581,180000,181042.495
1582,175000,174881.625
1583,232500,232281.725
1584,195000,194831.875
1585,305000,301029.69
1586,298751,296716.645
1587,370000,358990.445
1588,209200,209852.65
1589,206300,208139.015
1590,146000,144508.35
1591,160500,160803.0
1592,173000,165956.125
1593,124000,125156.0
1594,115000,114654.595
1595,129500,129266.08
1596,105000,104829.29
1597,94900,95393.5
1598,152500,151366.75
1599,98000,99599.75
1600,81000,81548.25
1601,113000,114572.5
1602,128500,129700.75
1603,119500,119393.75
1604,130500,131090.75
1605,138000,137138.29
1606,134500,133828.535
1607,160000,157658.525
1608,137500,138128.5
1609,172000,170113.125
1610,103000,106309.56
1611,167300,167559.075
1612,167000,168259.25
1613,244000,243040.48
1614,268000,266859.28
1615,225000,225173.14
1616,168000,168346.77
1617,177000,176888.4
1618,169000,169438.5
1619,161500,162973.93
1620,251000,250054.39
1621,160000,160124.75
1622,180000,179913.375
1623,178750,180731.05
1624,176000,176082.535
1625,204000,199661.24
1626,160000,159724.75
1627,160000,158868.845
1628,163900,163722.325
1629,168000,169795.0
1630,154204,155592.71
1631,170000,174606.0
1632,207500,207545.0
1633,182000,180718.0
1634,212000,211762.595
1635,377426,373860.01
1636,349265,350072.0725
1637,591587,571846.855
1638,155000,156546.14
1639,319900,320109.425
1640,392000,350397.26
1641,441929,414153.13
1642,455000,453898.63
1643,182900,182078.9775
1644,174000,174327.29
1645,178000,178422.295
1646,176000,174858.025
1647,213000,213943.825
1648,192000,191886.5
1649,190000,192446.5
1650,195000,196073.5
1651,148000,149316.5
1652,151500,151803.935
1653,197000,196267.25
1654,192350,191625.5
1655,152000,150614.75
1656,170000,169374.94
1657,175000,174554.75
1658,175000,176654.625
1659,197900,198180.0
1660,174000,174723.34
1661,178900,178465.25
1662,139000,139331.4
1663,143250,143326.05
1664,184000,182550.475
1665,155000,155680.91
1666,133000,132147.75
1667,119500,119867.125
1668,123000,123267.5
1669,110000,108805.79
1670,128000,126949.66
1671,120500,120611.29
1672,133000,141169.84
1673,155000,155190.25
1674,177000,175695.67
1675,113500,112506.7
1676,113000,112893.19
1677,113700,113960.25
1678,106000,107273.29
1679,122500,122479.045
1680,128000,131683.55
1681,155000,154886.5
1682,142500,143234.35
1683,129250,129037.33
1684,356000,356185.9475
1685,314813,316146.535
1686,318000,316240.035
1687,322400,318534.16
1688,318000,314564.82
1689,345474,345234.62
1690,415298,414893.98
1691,492000,479742.97
1692,338931,334248.3675
1693,450000,454846.71
1694,280000,277712.635
1695,479069,475422.14
1696,395000,390233.9
1697,380000,392677.705
1698,250000,250815.64
1699,440000,418269.295
1700,418000,413956.395
1701,500067,493256.56
1702,260116,260100.585
1703,317000,317188.8
1704,319500,320940.46
1705,325624,323879.495
1706,372000,373039.575
1707,342000,330962.7975
1708,354000,351581.155
1709,350000,351895.83
1710,285000,289212.72
1711,281500,280543.37
1712,245700,244523.51
1713,232698,233540.15
1714,250000,249474.93
1715,194700,193842.66
1716,204000,202587.765
1717,200000,199315.265
1718,207000,204972.75
1719,209500,208927.89
1720,209500,208927.89
1721,202500,203317.47
1722,280000,280347.255
1723,277500,278040.205
1724,318061,315251.595
1725,221370,223481.745
1726,200000,199030.475
1727,181755,181266.305
1728,176000,175192.455
1729,178900,177572.03
1730,168165,167423.04
1731,171925,172428.18
1732,198444,198553.975
1733,203000,201933.25
1734,179540,179458.905
1735,176485,175957.78
1736,181134,180718.57
1737,156932,158367.965
1738,166000,166943.035
1739,177594,177572.625
1740,173500,173942.44
1741,172500,177163.895
1742,194201,193590.845
1743,226500,224042.75
1744,185485,184184.12
1745,259000,261169.485
1746,188500,186450.905
1747,175000,175361.655
1748,215000,215413.85
1749,206580,206215.305
1750,183500,184059.72
1751,165500,167661.62
1752,211000,210542.94
1753,181000,181327.0
1754,219500,219003.25
1755,175000,174541.5
1756,170000,170907.285
1757,162000,163613.14
1758,187000,185892.75
1759,185000,184362.5
1760,745000,687534.25
1761,384500,379484.245
1762,248000,250848.965
1763,466500,471495.73
1764,410000,407310.905
1765,322500,320842.36
1766,252000,257732.53
1767,755000,706786.145
1768,269790,269823.875
1769,315750,314080.92
1770,290000,286406.3
1771,290000,291131.715
1772,430000,412593.485
1773,263000,263255.26
1774,330000,327430.0
1775,213133,212345.765
1776,260261,261062.015
1777,320000,322094.61
1778,282922,279247.185
1779,215000,215923.605
1780,419005,413971.2
1781,255000,255517.315
1782,147000,167207.995
1783,235876,237407.69
1784,311872,304969.94
1785,248328,247403.635
1786,227000,227661.38
1787,260000,259463.87
1788,225000,226545.93
1789,249000,249896.655
1790,307000,303521.375
1791,250000,249771.485
1792,221300,224412.57
1793,208900,209784.89
1794,210400,209723.65
1795,255000,252425.6
1796,212109,209453.3475
1797,270000,267945.17
1798,303477,305936.915
1799,310013,307206.205
1800,249700,250593.03
1801,227875,228952.88
1802,261329,261721.45
1803,253000,253693.29
1804,265000,260927.6
1805,340000,337731.715
1806,146000,145332.975
1807,147000,147571.41
1808,149000,149868.995
1809,181000,181099.78
1810,201000,200411.5
1811,191750,191721.62
1812,179000,179548.605
1813,215000,215003.185
1814,179200,178629.03
1815,128000,128404.75
1816,144000,144122.5
1817,144000,143607.905
1818,120750,121240.6
1819,132500,132576.0
1820,132000,132333.75
1821,132500,133435.5
1822,129000,128853.0
1823,143900,142455.47
1824,145000,143392.5
1825,128500,129306.25
1826,125500,124457.9
1827,300000,296376.24
1828,294000,292215.45
1829,129000,130322.5
1830,171000,172091.425
1831,147000,147537.75
1832,302000,297419.155
1833,285000,282098.5
1834,214000,211676.395
1835,166000,169065.25
1836,193800,196052.79
1837,208900,208136.215
1838,194000,193789.81
1839,207500,205150.24
1840,199900,197849.405
1841,164700,166308.105
1842,176500,176595.335
1843,176000,175241.15
1844,168500,169120.45
1845,177000,176770.45
1846,177000,176827.78
1847,148800,148200.05
1848,174000,177524.66
1849,239000,237995.54
1850,204000,204523.05
1851,301000,301116.99
1852,312500,312020.42
1853,279700,280002.385
1854,255000,254731.15
1855,194000,192141.5225
1856,218000,214761.6975
1857,213750,213734.0
1858,187000,186504.0
1859,181500,181602.25
1860,373000,365090.72
1861,190000,189318.11
1862,226000,224952.44
1863,143450,143915.0
1864,240050,240306.5
1865,162500,161553.365
1866,164000,164604.1
1867,185000,186336.675
1868,188500,188239.325
1869,255000,252572.57
1870,136905,138013.4
1871,158500,157761.25
1872,175500,175850.33
1873,127000,127418.5
1874,127000,126903.375
1875,143000,143378.625
1876,156000,154243.0
1877,144000,144469.5
1878,119000,118756.81
1879,103000,102556.17
1880,139900,140282.5
1881,151500,149553.32
1882,126500,126847.75
1883,145000,144522.0
1884,120000,120358.5
1885,124000,125415.75
1886,106500,107013.5
1887,140500,142738.665
1888,137500,137558.87
1889,117600,117845.91
1890,163500,160282.025
1891,161000,159545.0
1892,158000,156842.7
1893,224500,225165.75
1894,147000,146236.25
1895,200000,197923.5
1896,181900,182255.0
1897,150750,150333.0
1898,101800,102789.68
1899,124000,123952.75
1900,138500,138356.0
1901,39300,45650.0
1902,64500,66025.02
1903,64000,65689.25
1904,112000,112774.48
1905,165000,164013.87
1906,144000,144100.5
1907,137000,138323.25
1908,105000,106057.94
1909,146500,145807.5
1910,126000,127756.25
1911,175000,173204.91
1912,158500,159032.09
1913,114500,114837.29
1914,144000,144566.5
1915,129000,133878.135
1916,141000,140984.0
1917,131000,131142.125
1918,142100,141760.2
1919,139000,139449.5
1920,157900,156174.17
1921,139400,140123.875
1922,150000,149972.02
1923,120000,121385.94
1924,174850,175279.125
1925,116000,116015.04
1926,135000,134820.25
1927,163500,163661.875
1928,130000,131412.0
1929,129500,129251.0
1930,142000,142854.75
1931,128600,129813.41
1932,125000,125888.5
1933,136000,135333.5
1934,134500,135737.705
1935,127000,127217.75
1936,130000,130856.115
1937,115000,115504.96
1938,116900,117130.5
1939,132000,131941.375
1940,153000,148459.63
1941,112500,112507.5
1942,138000,133085.76
1943,135000,134634.5
1944,156000,153944.855
1945,301600,278962.875
1946,109000,109346.5
1947,103200,101900.79
1948,128500,127741.75
1949,64500,66672.895
1950,148000,146148.545
1951,86000,89637.0
1952,172000,173011.565
1953,120000,120249.2
1954,128500,127975.25
1955,135000,137958.655
1956,122900,124250.6
1957,119200,120437.625
1958,143000,140902.605
1959,119000,119160.5
1960,102000,102542.88
1961,129000,129800.5
1962,135000,135461.9
1963,152000,151056.73
1964,140000,139003.0
1965,152000,151513.85
1966,156500,155164.625
1967,141000,138922.55
1968,99000,99990.0
1969,187000,186649.125
1970,169500,166028.0
1971,125500,125606.11
1972,130000,129501.41
1973,103000,104007.5
1974,132000,132641.75
1975,127500,127400.25
1976,89500,90645.2
1977,140000,139145.35
1978,99900,100779.0
1979,100000,98090.38
1980,130000,129628.875
1981,135000,134746.25
1982,120000,121274.73
1983,89471,90857.595
1984,85000,84096.505
1985,108500,107314.29
1986,137000,134621.965
1987,110500,110805.83
1988,100000,101695.5
1989,184900,188232.44
1990,145000,143424.25
1991,125000,126090.25
1992,114000,115339.295
1993,90000,97159.205
1994,144100,144044.25
1995,117500,117732.125
1996,124500,123945.27
1997,185000,186807.0
1998,133900,133230.765
1999,152000,149130.26
2000,153500,152284.17
2001,159500,169266.5
2002,87000,89284.0
2003,104500,105553.78
2004,110000,111051.0
2005,136500,136194.625
2006,128250,128752.75
2007,144000,142532.75
2008,210000,206691.2725
2009,135000,132913.625
2010,128000,126658.75
2011,131000,130296.5
2012,113000,113105.75
2013,126000,127048.75
2014,132000,129857.4
2015,131750,131858.92
2016,132500,131575.5
2017,137500,136811.92
2018,132000,138890.5
2019,127500,127056.75
2020,102000,101307.0
2021,200000,192493.0
2022,180500,179091.855
2023,165000,163054.33
2024,90000,92150.355
2025,153575,154468.195
2026,140000,142122.85
2027,136000,132330.745
2028,113000,113281.5
2029,117000,115433.5
2030,169500,166936.0
2031,139400,141078.0
2032,202500,200291.62
2033,127000,126385.27
2034,141000,140354.5
2035,212300,211911.435
2036,161000,157091.0
2037,99500,100529.43
2038,101000,101892.44
2039,109900,110057.0
2040,128500,128585.5
2041,122000,127608.0
2042,87000,89277.4
2043,50000,56541.82
2044,219000,220937.33
2045,200500,182310.765
2046,126000,126301.85
2047,108500,108488.795
2048,130000,131122.0
2049,158450,158083.0
2050,115400,116049.375
2051,118500,116704.95
2052,165000,164090.5
2053,123000,123217.5
2054,129000,128874.75
2055,125000,124565.18
2056,108000,107821.08
2057,119900,121137.41
2058,115000,114943.5
2059,134500,134155.9
2060,127000,127318.25
2061,129000,130338.4
2062,143500,143797.25
2063,129000,128556.5
2064,187000,182979.75
2065,158000,166280.12
2066,112000,114571.525
2067,165250,166437.105
2068,150000,150238.75
2069,137000,137978.75
2070,89500,90188.26
2071,302000,296744.645
2072,182000,181300.8
2073,211000,211916.0
2074,216000,208400.0
2075,130000,130256.79
2076,109900,112478.45
2077,255000,253506.25
2078,243000,241967.05
2079,154000,152644.5
2080,118000,117715.6
2081,80000,82806.0
2082,150000,145495.25
2083,86000,88427.0
2084,130000,129393.65
2085,125000,125189.5
2086,136500,136433.25
2087,96000,95887.125
2088,120000,120777.25
2089,228500,231241.1
2090,179900,179767.37
2091,225000,230404.01
2092,301000,290665.265
2093,238000,238659.43
2094,228500,227940.5
2095,220000,220437.685
2096,383970,366672.44
2097,424870,409649.72
2098,250000,249739.14
2099,360000,354525.385
2100,279500,277961.53
2101,200141,201943.18
2102,246500,248015.13
2103,276000,280371.9
2104,203000,202507.695
2105,155835,156502.825
2106,194000,199422.865
2107,195400,195107.145
2108,217000,217179.34
2109,212999,213096.515
2110,175900,176515.65
2111,191000,191566.88
2112,176432,175041.12
2113,277000,276121.155
2114,207000,208494.5
2115,277000,262268.645
2116,240000,236219.025
2117,187500,186201.795
2118,279000,280836.065
2119,139500,140485.0
2120,126000,126875.0
2121,177500,177429.66
2122,175000,174621.78
2123,211000,210033.63
2124,146000,146061.115
2125,147900,147375.5
2126,123600,120329.83
2127,204750,204744.005
2128,235500,234544.08
2129,217000,216900.675
2130,190550,190549.5
2131,217500,218231.515
2132,226000,224167.565
2133,180000,180739.26
2134,131000,130888.25
2135,153500,153323.455
2136,160000,159915.93
2137,134900,134813.725
2138,130000,129943.0
2139,120000,122208.5
2140,112500,113590.75
2141,122000,122544.5
2142,127000,127876.5
2143,117000,118792.75
2144,305900,303234.295
2145,228500,233275.09
2146,270000,267624.48
2147,192000,190963.5
2148,213000,212929.25
2149,200000,198625.1
2150,267000,268917.38
2151,228000,226373.215
2152,275000,276797.015
2153,211000,210523.75
2154,285000,291257.71
2155,240000,241777.4
2156,131500,132925.75
2157,246900,248268.62
2158,219500,219043.905
2159,185000,184216.58
2160,179400,178626.545
2161,213500,212752.345
2162,179600,180108.23
2163,173500,172029.115
2164,167840,168362.545
2165,168675,171340.08
2166,167000,166211.645
2167,140000,140048.975
2168,118500,119838.5
2169,110000,111152.65
2170,94750,96140.75
2171,122000,123993.25
2172,110000,112258.865
2173,118500,121367.54
2174,133500,133096.0
2175,148000,147422.125
2176,141000,141105.685
2177,155000,154515.0
2178,157000,156067.165
2179,171500,170408.53
2180,183850,205496.775
2181,184750,208623.235
2182,140000,140232.0
2183,131750,130797.75
2184,61500,65758.925
2185,111000,110559.77
2186,98500,98337.06
2187,79000,80792.875
2188,108500,109636.5
2189,110000,110686.12
2190,112000,111124.175
2191,125000,120053.5
2192,79275,81309.23
2193,119000,117067.91
2194,200000,177046.56
2195,150000,144014.87
2196,165000,164488.68
2197,96500,98242.75
2198,136500,138065.75
2199,146500,146874.7
2200,175000,171685.625
2201,148500,146963.8
2202,141500,142187.145
2203,189950,188974.01
2204,135000,134806.0
2205,164000,162152.5
2206,90350,94142.25
2207,139000,139765.5
2208,119750,119799.75
2209,145000,144956.785
2210,145000,142770.075
2211,238000,235748.755
2212,153500,153890.325
2213,239000,235106.87
2214,359100,341671.565
2215,188000,175444.44
2216,220000,216082.0
2217,140000,139838.5
2218,315000,315589.655
2219,259500,245979.1
2220,257500,246247.88
2221,219500,220139.19
2222,217000,217363.1
2223,201000,200983.57
2224,215000,213625.8425
2225,123900,124710.0
2226,170000,168262.825
2227,200000,194877.48
2228,198000,197551.9
2229,200624,199250.54
2230,315000,312398.49
2231,115000,117184.545
2232,141000,141086.0
2233,87000,89605.625
2234,129850,131393.04
2235,100000,98302.365
2236,150909,148752.335
2237,75200,77892.435
2238,118400,118158.875
2239,67000,69466.915
2240,152000,150556.0
2241,68104,69632.695
2242,119600,119702.89
2243,140000,138922.0
2244,124900,124490.455
2245,375000,366328.8
2246,235000,236511.975
2247,183500,182896.58
2248,156000,152634.5
2249,134000,135307.285
2250,215000,212045.2725
2251,245000,244436.345
2252,210000,209045.695
2253,148000,151472.75
2254,143000,143358.5
2255,244000,245062.92
2256,330000,315811.77
2257,170000,168559.62
2258,257000,252927.35
2259,231713,230414.305
2260,267300,266961.475
2261,265900,265818.425
2262,239000,238363.965
2263,248900,251872.1
2264,174000,174353.6
2265,187500,187734.88
2266,204000,206029.215
2267,180500,182096.925
2268,187500,186593.405
2269,282000,279264.305
2270,178000,177846.99
2271,270000,271046.81
2272,279900,279397.4
2273,186700,186487.32
2274,283463,280538.785
2275,392000,387027.09
2276,281213,283775.325
2277,147000,145973.45
2278,130000,131462.0
2279,140000,140187.3
2280,132250,131086.75
2281,143000,144486.095
2282,168000,167588.0
2283,129900,130217.0
2284,134000,134611.75
2285,85500,85005.605
2286,106500,106427.54
2287,93900,92127.25
2288,75000,74743.15
2289,84500,84221.75
2290,75190,75081.3
2291,146800,146954.5
2292,153500,155011.475
2293,188000,186265.0
2294,196000,194432.0
2295,157000,156796.515
2296,138000,136140.5
2297,129500,131834.0
2298,80000,83178.355
2299,129500,129520.0
2300,135000,135556.75
2301,124500,126531.25
2302,139000,136707.5
2303,93500,95254.665
2304,124500,124871.54
2305,149900,150275.41
2306,157500,154527.525
2307,169000,167574.125
2308,252000,241304.28
2309,192100,193367.0
2310,183500,183096.725
2311,222000,223445.0
2312,170000,170881.75
2313,187500,186915.5
2314,202000,201872.99
2315,185000,183909.725
2316,320000,316267.75
2317,240000,238601.545
2318,250000,251277.305
2319,239900,242149.59
2320,309000,306569.515
2321,274725,274474.515
2322,270000,273761.13
2323,183500,180232.0
2324,165600,166737.0
2325,176500,177124.24
2326,130000,141920.3
2327,239000,237034.545
2328,275000,273967.41
2329,457347,458215.365
2330,545224,512250.89
2331,356383,360987.845
2332,556581,541058.125
2333,361919,363235.21
2334,535000,519291.32
2335,401179,409076.24
2336,438780,437037.47
2337,169000,165238.535
2338,145000,145312.085
2339,318000,318341.08
2340,319000,314692.515
2341,470000,473668.435
2342,202500,202635.58
2343,229000,234236.5
2344,235000,233907.5
2345,190000,190241.25
2346,169000,167404.5
2347,241500,242116.035
2348,188900,190068.0
2349,207500,206249.625
2350,250000,248349.15
2351,179900,178917.625
2352,172000,173757.72
2353,294323,287073.365
2354,184500,184245.25
2355,153500,153164.5
2356,162900,162617.0
2357,181000,180293.005
2358,155000,155735.6
2359,138800,139287.95
2360,116050,114925.99
2361,88000,90874.975
2362,97500,99461.48
2363,190000,189705.7
2364,105500,107857.81
2365,125500,125687.495
2366,83000,85614.25
2367,116000,114901.75
2368,91500,93490.495
2369,118000,116681.25
2370,89000,89630.0
2371,108000,108633.5
2372,94500,94151.0
2373,146300,145984.975
2374,145000,145738.795
2375,123000,123301.08
2376,137500,137289.65
2377,144000,144618.5
2378,315000,327490.88
2379,412083,410831.58
2380,342643,352596.86
2381,252000,253300.225
2382,465000,459527.665
2383,293000,291292.165
2384,415000,410358.935
2385,326000,326375.68
2386,325300,328173.605
2387,309000,311164.6
2388,300000,314957.05
2389,275500,275917.62
2390,338500,337301.69
2391,345000,360781.54
2392,344133,337241.945
2393,298236,301055.65
2394,329900,330979.49
2395,360000,361683.52
2396,281000,283979.73
2397,372397,372634.855
2398,378000,376822.425
2399,374000,373881.075
2400,437154,445442.735
2401,275000,274775.595
2402,279000,277421.05
2403,185850,186034.275
2404,282500,282655.235
2405,202500,202786.67
2406,202665,202856.795
2407,332200,332640.28
2408,310090,313585.58
2409,171750,171781.23
2410,169990,171063.42
2411,170440,171259.96
2412,169985,171803.385
2413,179665,180863.45
2414,219210,223214.1
2415,174190,173718.25
2416,172785,173113.495
2417,258000,265102.555
2418,185101,185732.835
2419,210250,209765.94
2420,234000,234853.86
2421,215000,212169.875
2422,246990,245784.68
2423,178740,177331.235
2424,225000,224135.425
2425,167240,168446.385
2426,156820,156679.66
2427,213490,213439.025
2428,264561,262627.295
2429,246578,244997.715
2430,192140,191833.25
2431,183200,182492.985
2432,178000,181826.3
2433,201490,202397.95
2434,230500,232299.55
2435,180000,181030.645
2436,172400,172662.0
2437,215000,213323.1
2438,199900,199585.25
2439,173000,173147.75
2440,287602,283815.07
2441,230000,229634.5
2442,348000,348689.665
2443,286000,288755.37
2444,300000,296822.465
2445,625000,605623.34
2446,405000,400634.265
2447,280000,279952.195
2448,258000,259533.05
2449,350000,344109.435
2450,584500,577235.685
2451,321000,319805.555
2452,290000,291202.43
2453,315000,310238.075
2454,252000,253932.035
2455,336820,336492.695
2456,423000,413817.805
2457,290000,290322.46
2458,232000,232161.32
2459,199000,202175.295
2460,198600,198872.195
2461,405749,405798.585
2462,232600,231145.5
2463,266000,264897.025
2464,186500,186007.56
2465,200825,200233.38
2466,197000,198477.11
2467,185000,186626.075
2468,176000,176564.11
2469,187750,187650.885
2470,139500,139516.875
2471,186800,185946.11
2472,132000,133351.35
2473,142500,143431.75
2474,158000,156836.165
2475,184000,184298.55
2476,184900,185122.25
2477,187000,185901.15
2478,175900,176372.5
2479,248500,241083.21
2480,172000,171549.05
2481,151000,151613.995
2482,150000,150633.4
2483,107000,104936.94
2484,119900,119664.625
2485,129500,130098.975
2486,125000,125986.345
2487,119500,121821.18
2488,144000,144801.625
2489,151000,150371.805
2490,126000,125116.08
2491,116000,116095.0
2492,133500,133966.75
2493,120875,121377.875
2494,137000,136490.8
2495,124000,123848.08
2496,135000,134505.0
2497,129200,129597.5
2498,260000,258672.59
2499,260000,264409.145
2500,334000,327564.77
2501,310000,311475.69
2502,268000,264307.11
2503,262000,262289.415
2504,176400,176361.74
2505,197000,196371.925
2506,151000,149457.53
2507,147400,149674.225
2508,149900,151501.25
2509,144152,145701.05
2510,166000,165943.87
2511,183900,182119.07
2512,165000,166276.35
2513,139000,141463.46
2514,200000,199348.435
2515,221000,220161.595
2516,270000,269431.73
2517,165000,164273.715
2518,214000,211538.0
2519,188000,188192.53
2520,190000,188959.08
2521,170000,171869.175
2522,385000,390025.88
2523,146500,147310.185
2524,170000,172627.0
2525,262500,262980.37
2526,179900,180286.7225
2527,250000,249564.0
2528,165150,165656.75
2529,164500,166299.05
2530,140000,145743.615
2531,135500,134833.0
2532,142000,142696.25
2533,155000,153702.0
2534,157500,155826.0
2535,138500,138823.75
2536,140000,139110.705
2537,124400,125154.125
2538,158000,156947.02
2539,146000,145979.035
2540,190000,190632.25
2541,136500,136682.5
2542,129900,131005.5
2543,145000,144704.71
2544,185900,187129.695
2545,160000,159042.5
2546,167000,166950.5
2547,157500,157585.0
2548,140000,139417.0
2549,150000,149577.5
2550,151500,151704.0
2551,129800,127505.5
2552,137000,136720.5
2553,137000,135829.625
2554,121600,121980.505
2555,85500,85149.875
2556,79900,81378.125
2557,127000,125620.045
2558,161000,160362.295
2559,146500,146288.545
2560,135000,134704.5
2561,137900,137578.305
2562,133000,133976.16
2563,137000,137381.74
2564,121000,121315.75
2565,119000,119904.55
2566,172000,171108.25
2567,98600,100758.61
2568,226000,228131.5
2569,118000,118838.69
2570,235000,236076.5
2571,135000,135816.75
2572,132500,133047.625
2573,143000,143445.75
2574,132000,131297.75
2575,145250,146100.375
2576,162000,161446.27
2577,148000,147782.875
2578,141000,140672.25
2579,153000,153631.08
2580,134450,133895.75
2581,135960,136231.16
2582,156000,153918.365
2583,140000,140122.75
2584,139500,139375.0
2585,155000,155661.5
2586,127000,128288.5
2587,133500,133917.5
2588,125000,125535.5
2589,142000,140085.25
2590,167000,175047.215
2591,159000,158852.25
2592,180000,177754.0
2593,127000,127268.75
2594,112000,111133.29
2595,99800,95728.625
2596,117000,115760.9
2597,108480,108941.84
2598,68000,72092.52
2599,86900,86717.75
2600,120000,120178.205
2601,155500,156411.5
2602,80000,87357.035
2603,105000,107920.185
2604,160000,156637.395
2605,170000,169262.9
2606,160000,160765.15
2607,159950,158818.18
2608,165000,163553.375
2609,159000,157969.25
2610,147000,147089.875
2611,115000,115266.25
2612,159500,159194.54
2613,120000,120588.02
2614,129900,129262.25
2615,183000,184301.775
2616,157500,154029.05
2617,277500,277629.47
2618,207500,202480.795
2619,147500,143113.875
2620,135000,131666.125
2621,109500,110090.465
2622,109900,108035.375
2623,133700,133327.5
2624,81400,84397.5
2625,87500,88473.0
2626,93500,93638.375
2627,119000,121617.245
2628,141000,140334.9
2629,146000,145036.85
2630,155000,154159.5
2631,134500,134454.0
2632,120000,123342.0
2633,105000,105917.75
2634,124000,124121.625
2635,169000,165300.25
2636,107000,108615.51
2637,135000,135239.295
2638,111500,110167.305
2639,156500,156582.525
2640,178000,178116.5
2641,139900,140219.25
2642,105000,112103.0
2643,110000,111332.25
2644,111500,112022.32
2645,108000,107766.3
2646,111500,111149.5
2647,124000,123767.675
2648,105000,102363.79
2649,116000,115772.42
2650,96900,97041.775
2651,135500,134192.55
2652,139000,138207.25
2653,61500,65973.5
2654,120000,119877.69
2655,126175,123848.375
2656,64000,65606.23
2657,137000,135451.195
2658,87000,91066.295
2659,163000,163835.5
2660,155000,160435.5
2661,79000,84857.75
2662,144000,146543.0
2663,114504,114408.78
2664,157000,157591.0
2665,125000,124782.0
2666,475000,463747.12
2667,93500,95004.5
2668,125000,125985.0
2669,64500,63308.885
2670,100000,98504.5
2671,140200,139573.435
2672,202500,199477.75
2673,159000,157885.0
2674,119900,120455.0
2675,114500,115827.25
2676,115000,114042.04
2677,75000,79000.605
2678,88000,90021.0
2679,80500,81120.375
2680,149000,148143.42
2681,110000,110991.33
2682,110500,111796.255
2683,89000,93657.0
2684,113000,113161.15
2685,109000,110624.5
2686,220000,217775.37
2687,129000,127825.125
2688,117000,117778.615
2689,52500,54154.575
2690,107000,108497.47
2691,116500,116926.44
2692,72000,74625.795
2693,119500,118391.02
2694,125500,125331.25
2695,91000,90248.21
2696,84500,88645.0
2697,90000,89894.19
2698,137500,137802.5
2699,150000,149321.025
2700,131000,132562.95
2701,130000,130613.5
2702,125000,125020.625
2703,80000,82794.75
2704,157000,156736.055
2705,148000,146060.76
2706,90000,92982.59
2707,154500,153094.0
2708,153600,153830.52
2709,164500,163366.66
2710,132000,131974.25
2711,142500,142321.5
2712,158000,157716.665
2713,149500,150905.82
2714,165000,164578.95
2715,180000,178572.075
2716,160500,158689.3
2717,156500,154350.535
2718,157000,153477.365
2719,172500,170587.795
2720,155000,153866.025
2721,170000,169788.5
2722,105000,105272.5
2723,145000,137968.25
2724,168000,167623.8
2725,278000,282152.14
2726,164000,163861.205
2727,225000,224230.0
2728,130000,131983.25
2729,142500,143861.25
2730,148400,149644.5
2731,190000,188547.75
2732,146000,143318.125
2733,128000,128073.25
2734,225000,218904.215
2735,274970,271359.7
2736,235000,232335.275
2737,415000,363288.7
2738,182000,180565.5
2739,135000,136238.0
2740,137000,137357.875
2741,136900,137272.125
2742,149900,147473.5
2743,123500,123810.875
2744,93000,94096.705
2745,91500,94425.5
2746,180000,179543.22
2747,209000,202663.06
2748,215000,217680.3
2749,224500,221850.3875
2750,229800,230914.735
2751,183600,184006.27
2752,194000,194561.5
2753,193879,194833.255
2754,221500,223285.035
2755,204900,204167.17
2756,239799,240724.795
2757,233555,230865.115
2758,260000,257847.745
2759,294900,293260.685
2760,209700,208590.09
2761,225000,223933.46
2762,181000,182656.175
2763,220000,221374.8
2764,190000,188469.275
2765,180000,172616.0
2766,280000,279478.67
2767,158900,159433.14
2768,148000,146689.5
2769,145000,145560.9
2770,187000,186445.3
2771,193000,191528.84
2772,156000,156873.205
2773,235000,236039.215
2774,217000,214928.9125
2775,214000,213088.225
2776,196000,197458.95
2777,217000,216907.725
2778,200000,200333.55
2779,192500,193497.62
2780,205000,208817.76
2781,132500,131983.3
2782,157500,157214.075
2783,174000,174688.48
2784,128500,128697.25
2785,128500,128480.0
2786,149900,147600.25
2787,119900,120477.64
2788,137000,138785.16
2789,255000,254710.8
2790,222000,222829.875
2791,214000,212433.745
2792,220000,221337.96
2793,275000,273492.585
2794,197000,197523.5
2795,230000,231054.365
2796,268500,266905.085
2797,210900,211297.25
2798,227000,228093.795
2799,237000,234130.93
2800,274300,273966.3
2801,216837,217072.81
2802,133000,133933.25
2803,155900,153188.0
2804,233230,234033.33
2805,207000,207928.56
2806,195000,196474.5
2807,200000,199988.63
2808,203160,202397.79
2809,195800,196026.5
2810,212900,212659.02
2811,196500,195532.05
2812,198000,199816.485
2813,173900,173838.08
2814,163990,163843.92
2815,164990,166498.16
2816,98000,100959.155
2817,149900,152129.875
2818,102000,101868.38
2819,127500,127978.25
2820,127500,128238.75
2821,119900,120930.0
2822,196500,194629.3
2823,117250,117320.25
2824,229000,231742.335
2825,145000,144849.45
2826,140000,141093.75
2827,142500,142247.0
2828,134000,133555.5
2829,130000,131405.0
2830,130000,131722.77
2831,137500,137159.0
2832,130000,130760.0
2833,97900,96202.375
2834,92000,95887.08
2835,107000,107046.89
2836,81000,83985.29
2837,104900,104781.345
2838,115000,116979.25
2839,125000,125577.1
2840,116000,116168.76
2841,83000,87634.665
2842,118500,112950.385
2843,35000,41097.69
2844,121000,123415.94
2845,160000,156836.795
2846,140000,139288.5
2847,137000,137649.5
2848,128000,127027.0
2849,160000,160961.2
2850,138887,137916.005
2851,149000,147760.395
2852,102000,103895.885
2853,167000,168227.0
2854,200100,200083.05
2855,131000,131988.94
2856,112000,112111.07
2857,140000,149723.5
2858,195000,194235.0
2859,230000,230941.38
2860,194000,192000.435
2861,137500,136097.66
2862,250000,248154.005
2863,218000,217488.52
2864,239000,238611.22
2865,199500,202563.665
2866,210000,210308.995
2867,230000,227251.65
2868,217500,214468.065
2869,257000,246394.5
2870,157000,156330.895
2871,223000,221439.27
2872,102000,101705.0
2873,145400,144167.25
2874,72000,74958.13
2875,85000,83902.94
2876,106500,105379.19
2877,139000,138722.295
2878,108000,107766.92
2879,51689,50680.985
2880,35311,41597.585
2881,115000,114320.0
2882,78000,78553.33
2883,375000,366653.795
2884,300000,301041.59
2885,242500,237085.925
2886,145000,145648.25
2887,209000,209874.84
2888,135000,136273.225
2889,148000,148221.31
2890,171000,174465.745
2891,335000,330922.125
2892,230000,226777.58
2893,250764,242392.78
2894,228000,232572.725
2895,176000,175029.5
2896,180000,180228.91
2897,250000,251287.195
2898,202000,201139.2325
2899,312500,307837.53
2900,320000,317767.795
2901,369900,368151.63
2902,359900,354725.02
2903,81500,82195.455
2904,215000,213250.83
2905,164000,163414.0
2906,153500,154047.625
2907,84500,87912.33
2908,104500,105247.505
2909,127000,127651.3
2910,151400,157012.74
2911,126500,126679.5
2912,146500,145303.575
2913,73000,75907.75
2914,79400,79481.3
2915,140000,139925.69
2916,92000,97023.08
2917,87550,87596.355
2918,79500,79425.75
2919,90500,89587.0
2920,71000,72078.3
2921,150900,151110.75
2922,188000,182673.87
2923,160000,160405.495
2924,131000,132174.25
2925,142500,143521.5
2926,131000,131841.25
2927,132000,131415.5
2928,170000,168789.875
2929,188000,193785.3
